Discover your perfect career path:,https://www.tryapt.ai/?utm_source=facebook&utm_medium=paid-social&utm_campaign=RECENT-TPC_INTERNATIONAL_SALES_WEB_ASC&utm_content=10.2_JAMES_WHITELISTING_LV_DISCOVERY-LP_EVERGREEN_NET-NEW_TAHA_PODCAST_SEPT-WK3-AD-6_LEARN-MORE&utm_term=RECENT-TPC_SALES_WEB_ASC&utm_id=120234600522670431&fbclid=PAaWdyZAN3VaVleHRuA2FlbQEwAGFkaWQBqyi7f8NxLwGnfYrbQ8NQXz6z5RxwY38RGq2TpiOUqDgPGYSoXSWTJqa1YfaAQ1aYT5ti2O0_aem_TFUEBn0A8ZV9VoxyPbaiRQ,,,,,,,,,,,,,,,,,,,,,
Great platform to sell your course:,https://maven.com/,,,,,,,,,,,,,,,,,,,,,
,,,,,,,,,,,,,,,,,,,,,,
,,,,,,,,,,,,,,,,,,,,,,
PM Job Boards,,Remote Job Boards or Companies that Offer Remote Jobs,,Best Companies to be a Product Manager,Description,,Spanish Jobs,,Career Coaching,,Job App Tools,,Make Money Online,,Alternative Opportunities,,Quantum Computing Jobs,,ESG Jobs,,Casting,
Office-based and Remote,,Further AI - AI workforce for insurance industry (US remote),,Altruistiq,Altruistiq: A climate-tech company that provides carbon-neutral banking services.,,https://europa.eu/eures/portal/jv-se/search?page=1&resultsPerPage=10&orderBy=BEST_MATCH&locationCodes=es&keywordsEverywhere=esg%20Product%20manager&lang=en,,https://www.techtalkuk.co/career-accelerator-program?fbclid=PAZXh0bgNhZW0BMABhZGlkAasWZB3MKxEBpg4tVQrV7hO81KwbX7NI0zWxi479Atw2kGrf_2fXP1DL7OWx9uAQ3qSAWA_aem_a5yfHWDMBrQ4BEDgAQgwnw,,https://swagapp.com/jobs/?utm_source=facebook&utm_medium=paid-social&utm_campaign=uk_special-category_prospecting_conv&utm_content=image_find-jobs-before_swagjobs&utm_id=120209567168570095&utm_term=120209567168610095&fbclid=PAZXh0bgNhZW0BMAABpkECXwb9vf89-3uuwCvnd0zpOhQKhlTKC3PJfVy42f1NnVZ44AehMmJC3w_aem_LfCsZCJstiwjgwUxWn4ZUg&campaign_id=120209567168610095&ad_id=120210709874360095,,https://coursiv.io/v4?prc_id=31&utm_source=facebook&utm_campaign=120212577917150243&utm_adset=120212577917160243&utm_ad=120212577998160243&utm_placement=Instagram_Stories&utm_adname=2024-08-01_AL_Video_MadinaRemote_Beginner-remote_NoChanges_c2000_Ezuck6QOBXtO_EN_AIG_FN_v2&utm_alen=1&utm_medium=paid&utm_id=120212577917150243&utm_content=120212577998160243&utm_term=120212577917160243&fbclid=PAZXh0bgNhZW0BMAABpslQDEGq_dX_2ujGzAlRMPt5TjnANRz7eQ2X1LDbVUPSZwcgfbxB2Sy5SA_aem_iXg2jDUd65HinAhMzups0w,,https://www.isbc.ir/pages/default.aspx?mode=show&id=introduction&lan=en,,https://www.linkedin.com/jobs/view/3641717222,,https://www.linkedin.com/posts/yvonne-espinosa-a0b63a12a_sustainability-esg-activity-7299866740786626562-5wUN/?utm_source=share&utm_medium=member_android&rcm=ACoAAB9t9q0BcfW-lvJXOHPGrlD3kGuEVgg_3WY,,Starnow,https://www.starnow.com/casting/
,,Shuttle - build backends fast (remote),,BeZero Carbon,BeZero Carbon: A carbon removal company that uses technology to capture and store carbon dioxide from the atmosphere.,,https://empleate.gob.es/empleo/#/trabajo?search=Product%20Innovation%20Manager&pag=0,,https://zaap.bio/johnisaac?fbclid=PAZXh0bgNhZW0CMTEAAaYD1QBD2d2jC6opaTbD60Zh80l0VG3vdNPzJuVZOQBvv1Y21AkFT3c9LJw_aem_XGHPPh7Ct8n3cWfnnmlJwA,,https://aiapply.co/?utm_source=meta&utm_medium=72_yoann_movie-yQ1WRx8rj6dk8Zql05_Dec_20&utm_campaign=World+%7C+ABO+%7C+Testing&fbclid=PAZXh0bgNhZW0BMABhZGlkAasWSDjE_N8Bpg_vpZ3RhhVWiJVzqiHo5mLAqaQGLHGFNTW63RRK0rZF7V_A5LNB08K2oA_aem_GB_rdrQe8QHzjtaRrodCoA,,https://app.outlier.ai/en/expert/jobs/4423500005?utm_source=meta&utm_medium=paid&pod=generalists&domain=tier_1_gen_intl&locale=UK&language=EN&utm_campaign=education%20%7C%20bid_cap%20%7C%20Instagram_Stories&utm_content=imagecopy%20%7C%209-5_not_cutting_it&fbclid=PAZXh0bgNhZW0BMAABplay-BMFmT3CxSue4PbRnuuHmSfElko3QL79rNXSD2RuWnmWYqGw9RRxoQ_aem_IIcTK46N4q2dmtYTIbOpCw&_gl=1*1jbcdcz*_gcl_au*NTAzNTg1NzE1LjE3Mjc2Nzg5MDU.,,https://callforspeakers.net/pricing-plans/,,https://apply.workable.com/alice-bob/j/43CCFC57A2/,,,,Backstage,https://www.backstage.com/casting
https://www.consortia.com/product-management/ - ,,Crustdata (YC F24) - real-time B2B data APIs (US remote),,Carbon Clean,Carbon Clean: A company that develops technologies to capture and convert carbon dioxide into useful products.,,https://powertofly.com/jobs/?keywords=product+manager&location=Spain,,https://thecareerdiet.com/land-dream-interview-training/?utm_source=ig&utm_medium=NLP+Lead+Ad+%E2%80%93+Copy&utm_campaign=NLP+Cold+Audience+-+Tier+1&utm_content=VID+5+NLP+Cold+Audience&fbclid=PAZXh0bgNhZW0BMABhZGlkAasWF4G-lkQBpjstjUvPn7op-oia36UcRwMtaP7aEYHnzJqltTjTH-AyRj3HZBnpWkrxZg_aem_RfeyoGdpsSlq24p-5lYmmw,,jobscan.co,,https://www.userinterviews.com/hello,,,,https://horizonquantum.applytojob.com/apply/hea7H5bwdA/Product-Manager,,,,Mandy,https://www.mandy.com/
Product Management Recruitment Agencies | Product Focus,,Garage (YC W24) - used firefighting equipment marketplace (US remote),,Carbon Direct,Carbon Direct: An investment firm that invests in carbon removal projects.,,https://www.kickresume.com/jobs/?country=ES&what=product+manager,,https://www.techtalkuk.co/masterclass?utm_source=meta&utm_medium=paid&utm_campaign=masterclas-generic&utm_content=Ad2&fbclid=PAZXh0bgNhZW0BMABhZGlkAasU7erJ-2EBpuEo6k30PFRSDs62bsQAcwExID1SQjNEFSIQTTVRvFy8TK9CutiaTkj_Fw_aem_RMcxFuv0RQJ3Qf2wgXmenA,,https://resumeworded.com/,,https://a.clubcloser.com/opt-in-page?fbc_id=120210260720500665&h_ad_id=120210260720550665&fbclid=PAZXh0bgNhZW0BMAABpqsuhRdvKECLQ0dsP_bCNEIjBsBY66w7Yu7vFkkFv3WVJOCsykDTI-DRQA_aem_DP4uL2nuOps6I_QoGw3kBg,,,,,,,,,
Product Recruitment Agency | 3Search,,Unriddle (YC S24) - faster research paper discovery (US remote),,Carbon Intelligence,Carbon Intelligence: A company that provides data and insights on carbon emissions.,,https://www.tecnoempleo.com/,,https://lnkd.in/gNH-trFm,,https://lnkd.in/dZxmaKPb,,https://www.remoteclosingclub.com/?utm_source=instagram&utm_content=rcc&fbclid=PAZXh0bgNhZW0CMTEAAaZ6PcVqZ8dyJ94_DsuH_PHWOxm65lqZ5AtAzXVXSkT6ibznGc7DWtg6nAk_aem_jI0gmVyFWVPwUvgADlzaTQ,,,,,,,,,
Apply For Product Manager Job - Salt Recruitment Agency,,Blaze (YC S24) - payments for nomads (US remote / LATAM remote),,CarbonChain,CarbonChain: A company that develops blockchain-based carbon trading platforms.,,https://www.glocomms.com/jobs/product-management?query=&selected_locations=&sort_type=relevance,,https://www.intentionalproductmanager.com/apply,,https://www.beamjobs.com/,,https://zenfy.ac/get-started/0?utm_funnel=remotejob-highrec-v1&utm_source=facebook&utm_medium=cpm&utm_campaignID=120220821108300348&utm_adsetID=120220821590440348&utm_adID=120220821590480348&utm_campaignName=Anton_Zenfy_Acc-Recibar-Zenfy1_W2W_Sales_ABO_Test_07.02.25+-+RemoteJob-highrec&utm_adsetName=LC_Lal3_Tier1%2BEurope_allL_allPl_allG_18-65%2B_RemoteJob-highrec_HalfTrial_MaxPurch_Test_New-1_07.02.25&utm_adName=ZEN_23_28_S_EN&fbclid=PAZXh0bgNhZW0BMABhZGlkAascM0oPgmwBpkDE8JdGrUt27he2n-mERk55WRtYuRS7XGQAzjc5FP2r32McwndU5hOPuA_aem_N01Vea_hBLY7atTw4rtlBg,,,,,,,,,
product manager recruitment agency london - Google Search,,Viva Labs (YC W22) - AI videos that connect people (US remote),,Climate X,Climate X: A venture capital firm that invests in climate-tech startups.,,https://www.google.com/search?sca_esv=1efd172859308584&rlz=1C5CHFA_enGB1074ES1077&sxsrf=AHTn8zpD2bF0qjU5eO5XwsqKzAVIy-CRTw:1739547402834&q=mars+innovation+hub+%22madrid%22&sa=X&ved=2ahUKEwj__I-Iv8OLAxWhaEEAHRiiK_IQ5t4CegQIGhAB&biw=1837&bih=1040&dpr=1.6,,https://maximum-wage.thinkific.com/courses/interviews?fbclid=PAZXh0bgNhZW0BMABhZGlkAasYRaC9v4ABpqWVs2CXjAAZYVt7O7GLILoqPhAAbFkBcRcKXDlc46Q53DW1j6fz3MtRzA_aem_djayQHR6Vg7PMkEy_SsIjQ&utm_source=facebook&utm_medium=paid&campaign_id=120216293596540048&ad_id=120216294091120048,,https://www.overleaf.com/,,https://www.prograd.uk/side-hustles?utm_source=Meta&utm_medium=Instagram_Stories&utm_campaign=Meta+%7C+LeadGen+%7C+202402&utm_content=Static+-+2025+Plans+-+Copy&fbclid=PAZXh0bgNhZW0BMABhZGlkAasXU6MN4M0BpmszF-u9JNtQzTW0BViCeiYKcihh0uu3C4R4WLXa6Oayrtsvl2gaU5T79g_aem_z8vFHAMhuYBIW9rSxU_dqQ,,,,,,,,,
Product Manager jobs | Michael Page,,Capix (YC S22) - AI analyst for private capital (remote),,Climatiq,Climatiq: A company that provides carbon offsetting services.,,,,https://pangian.myclickfunnels.com/remoteworksecrets,,https://lnkd.in/d_wvDvXE,,https://www.brendandell.com/freelance-formula-2?fbc_id=120216009759270503&h_ad_id=120216010653040503&fbclid=PAZXh0bgNhZW0BMABhZGlkAasX0zdUxAcBptt9HEDNaLu5HQXcMCwBzq85bL8PQigybMVU8sgZqhAwpkVqzDZ07mSZOw_aem_dLbYvWnG4ksBMRKnmbc4oQ,,,,,,,,,
Product Management Recruitment Agencies | Product Focus,,Flex - HSA/FSA payments (US remote),,Ecologi,Ecologi: A company that helps businesses and individuals offset their carbon emissions.,,,,,,https://zety.com/,,https://www.freelancer.com/new-freelancer/skills,,,,,,,,,
Product Management Recruitment | Xcede,,VetRec (YC S23) - AI scribe for veterinarians (US remote),,Emitwise,Emitwise: A company that provides emissions tracking and management software.,,UAE Jobs,,AI PM Job Consulting ,,www.tealhq.com,,https://app.dataannotation.tech/worker_signup?rdt_cid=5017178466878315315&utm_adgroup=2181747386055113304&utm_campaign=1800428689139269036&utm_content=2181747386054558229&utm_medium=display&utm_source=reddit&worker_src=R,,,,,,,,,
Product Management Jobs,,Pythagora (YC W24) - dev tool builds apps automatically (remote),,Field,Field: A company that provides data and insights on agricultural emissions.,,https://wuzzuf.net/setup/education?job_id=b7a92ede-4bc4-4815-829e-4b965f0220d5&sut=soc&login=1&redirect=https%3A%2F%2Fwuzzuf.net%2Fjobs%2Fp%2Fgmrx7ksu4zdh-senior-product-manager-growth-ux-hyphen-connect-dubai-united-arab-emirates%3Fref%3Dquick_apply%26job_id%3Db7a92ede-4bc4-4815-829e-4b965f0220d5%26sut%3Dsoc%26login%3D1,,https://www.landpmjob.com/,,www.rezi.ai,,https://salespro.seed-sales.com/remote-closing?utm_source=ig&utm_medium=Broad+UK&utm_campaign=Lead+gen+-+funnel+-+march+2025&utm_content=120219675392230537&fbclid=PAZXh0bgNhZW0BMABhZGlkAasbKIZaW5kBppnpu8LkPH_ifKTt_LSfy6Mi7dEtEffNMjinpU_nVK9-hPGyNXUXfiIBTA_aem_OepoyHuCl9eEGtjTxfDGAA,,,,,,,,,
Product Management Recruitment Agency| Solis Recruitment,,Flair Labs (YC W24) - digital real estate lending concierge (remote),,Greenly,Greenly: A company that helps individuals and businesses track their carbon footprint.,,https://www.naukrigulf.com/product-manager-jobs-in-uae?easyApply=false,,https://80000hours.org/,,https://lu.ma/,,https://account.yougov.com/gb-en/join/main?fbclid=PAZXh0bgNhZW0CMTEAAaeAJYp-8104LB66vUt1mfwQc-UyDCq6TLQ3k4Nr5XsrwscxoS-NA2JGrVW81Q_aem_d7Q-bcns1AnE9ODYJMvm2g,,,,,,,,,
Product Manager Jobs London & UK: Leading Agile Methodolgy,,Offbeast (YC W22) - plant-based steaks (US remote),,Isometric,Isometric: A company that develops software for carbon management.,,https://app.qureos.com/jobs/search/product-manager-jobs-in-united-arab-emirates?position=1&pageNumber=1&q=&location=United+Arab+Emirates&jobId=68cb17d4b18d31514d5a0b21,,,,www.meetup.com,,https://www.prograd.uk/side-hustles?utm_source=Meta&utm_medium=Instagram_Reels&utm_campaign=Meta+%7C+LeadGen+%7C+202505&utm_content=MetaLG+%7C+202504+%7C+how+I+just+made&utm_id=120221605185300253&utm_term=120221605185580253&fbclid=PAQ0xDSwMXTW9leHRuA2FlbQEwAGFkaWQBqyB9iKjiHQGnBg1q6LCWT8HBnPT9ff3bwo2zUB2Df4MHu7Y-BZUh9_1OGVZj8cjQ7fY8q1g_aem_z3yk9YFlhTvs9iq1p8mvzg,,,,,,,,,
Brand Management Recruitment · Major Players,,goodfin - AI for wealth management (US remote),,Kaluza,Kaluza: A company that provides energy management software for businesses.,,(See emails),,,,www.fishbowlapp.com,,https://www.userinterviews.com/participants/onboard/phone-verification?return_to=https%3A%2F%2Fwww.userinterviews.com%2Fparticipants%2Fsignin,,,,,,,,,
Jobs - Product Management Jobs - Powered by Mind the Product,,Strac - data discovery for SaaS (US remote),,Kita,Kita: A company that provides carbon offsetting services for the travel industry.,,,,,,www.teamblind.com,,https://jobescape.me/chat-v3?utm_source=google&utm_campaign=22213487756&utm_adgroupid=&utm_assetgroup=6552149521&utm_keyword=&gad_source=1&gad_campaignid=22213490537&gclid=CjwKCAiA8vXIBhAtEiwAf3B-g-GrzD3UQXkLtDstrUQa1Kivfoo6zatzlBDfGsaULQS_pbY5iuFO_BoCzDoQAvD_BwE&funnel_version=v6.1&quiz_version=v6.1.4&i=0&page_id=1,,,,,,,,,
database for product management jobs - Google Search,,Response - control indirect spend (US remote),,Loopcycle,Loopcycle: A company that provides circular economy solutions for businesses.,,,,,,https://lnkd.in/ghyw_kSV,,https://outlier.ai/generalists/t1?utm_medium=paid&pod=generalists&domain=Tier+1+Generalist&locale=UK&language=EN&utm_concept=TW546_20251117_scale_LinkedIn_en-us_en-en_Generalist_Tier-1-Generalists_Generalists_Top_MSG_na_na_na_na_EarnHolidays_applyNow&viewingBehavior=NATIVE_WEBVIEW&utm_campaign=Scale+%7C+LinkedIn+%7C+Generalist+%7C+Tier+1+Generalist+%7C+en-gb+%7C+EN*+%7C+UK+%7C+Parimango+%7C+EN+%7C+Message+Ad+%7C+11%2F27%2F2025&li_fat_id=7adb1d1e-d21e-4fce-a391-053dcc71849d&campaign_id=454055584&utm_source=linkedin&ad_id=934223064,,,,,,,,,
Product Management Jobs in United Kingdom,,kapa.ai - enterprise AI assistant platform (remote EU),,M2030,M2030: A company that provides climate risk analysis and advisory services.,,,,,,https://lnkd.in/gdeQmPCq,,https://payday.social/,,,,,,,,,
"Database Product Manager Work, jobs (with Salaries) | Indeed.com United Kingdom",,"Gaiascope, Inc. - renewable energy storage (US remote)",,Normative.io,Normative.io: A company that provides financial planning software for sustainable investing.,,,,,,https://resumaker.ai/,,,,,,,,,,,
Product Manager | Jobs | Salary | Job Description,,Jiga - build physical products faster (US remote),,Pachama,Pachama: A company that provides data and insights on forest carbon.,,,,,,https://www.tealhq.com/,,,,,,,,,,,
"Data Product Manager Jobs, Careers & Recruitment - Updated Daily",,Kontigo (YC S24) - USDC neobank for latinos (remote),,QuantifyingNature,QuantifyingNature: A company that provides data and insights on natural capital.,,,,,,https://www.jobscan.co/,,,,,,,,,,,
Product Manager Jobs in the UK | Hays Recruitment UK,,Rio - stablecoins for LATAM (US remote),,Southpole,Southpole: A company that provides carbon offsetting services.,,,,,,https://enhancv.com/,,,,,,,,,,,
https://powertofly.com/jobs/?keywords=product+manager,,Cercli (YC S23) - Rippling for middle east / africa (remote),,Sustainalytics,Sustainalytics: A company that provides ESG research and ratings.,,,,,,https://skillroads.com/,,,,,,,,,,,
https://www.efinancialcareers.co.uk/jobs/product-manager?q=product+manager&countryCode=GB&radius=40&radiusUnit=km&pageSize=15&currencyCode=GBP&language=en&includeUnspecifiedSalary=true,,Rally UXR - user research CRM (US remote),,Sylvera,Sylvera: A company that provides data and insights on forest carbon.,,,,,,https://lnkd.in/eFJRNUMX,,,,,,,,,,,
,,Scispot - biotech data infrastructure (Canada remote),,Watershed,Watershed: A company that provides data and insights on water usage.,,,,,,https://lnkd.in/euYc4PQa,,,,,,,,,,,
Remote Only,,Bot MD - AI clinical assistant for doctors (remote),,Blue Origin,Blue Origin: A company that develops and manufactures reusable launch vehicles.,,,,,,https://lnkd.in/eHDBbzzC,,,,,,,,,,,
https://remotejobsfinder.co/onboarding/42/quiz?utm_source=Instagram_Stories&utm_medium=cpa&utm_campaign=Point1_RJF_FB_WW_Static2_OT_111124+_ninja&utm_content=OnRemoteWork_1&utm_term=Point1_RJF_FB_WW_Static2_OT_111124+_ninja&utm_id=120212353289910641&fbclid=PAZXh0bgNhZW0BMABhZGlkAasUf6FOOfEBpjv1y68Wy-_m1CV93dHBllB2pspXPruNcs4bZ1xlVh3-1RtMjqQhACF95w_aem_J8npzXn-6baqok7CK_ZkBw,,Aden - AI ERP for operations leaders (remote),,Spire Global,Spire Global: A company that provides satellite-based data and analytics.,,,,,,https://aiapply.co/,,,,,,,,,,,
We Work Remotely,,Gordian Software (YC W19) - maximize travel revenue (US remote),,Thales Alenia Space,Thales Alenia Space: A company that develops and manufactures satellites and spacecraft.,,,,,,https://autoapply.jobs/,,,,,,,,,,,
Remote.co,,Paragon - integration platform for SaaS apps (US remote),,Acorns,Acorns is a micro-investing app that helps people save and invest small amounts of money.,,,,,,https://lnkd.in/exCGRswN,,,,,,,,,,,
FlexJobs,,Arist - learning solutions (US remote),,Betterment,Betterment is a robo-advisor that helps people invest their money in a diversified portfolio.,,,,,,https://yoodli.ai/,,,,,,,,,,,
JustRemote,,Oneleet - security compliance (US remote),,Chime,Chime is a mobile banking app that offers fee-free checking and savings accounts.,,,,,,https://lnkd.in/eTZrUU9p,,,,,,,,,,,
https://play.google.com/store/apps/details?id=com.v75inc.source&hl=en_GB,,UpCodes - AEC code compliant building tools (North America remote),,Digit,Digit is an app that automatically saves money from your checking account.,,,,,,https://uni.wizco.io/,,,,,,,,,,,
AngelList,,ProjectPro - data scientist acceleration (India remote),,Upstart,Upstart is a lending platform that uses artificial intelligence to assess borrowers' creditworthiness.,,,,,,https://www.sonara.ai/,,,,,,,,,,,
https://remotive.com/remote-united-kingdom-jobs?query=product%20manager,,Dialect Labs - actionable internet experiences (US remote),,Boeing,"Boeing is a leading manufacturer of commercial aircraft, defense products, and space systems.",,,,,,https://huntr.co/,,,,,,,,,,,
"Virtual Vocations, Inc.",,Capitol AI - custom perplexity for websites (US remote),,Firefly Aerospace,Firefly Aerospace is a private American aerospace manufacturer that develops and builds rockets.,,,,,,https://jobhire.ai/,,,,,,,,,,,
RemoteOK,,Jamble (YC S22) - fashion resale with live streaming (US remote),,Inmarsat,Inmarsat is a British satellite communications company that provides global voice and data services.,,,,,,https://jackandjill.ai/?utm_source=meta&utm_medium=paidsocial&utm_content=jack-meta-uk-video-ct_JJ_Overwhelm_Intro+Variation_03_06_25-all&utm_campaign=jack-meta-uk-londonstartups-pro-interest-tech&utm_id=120226999616140746&utm_term=120228860070710746&fbclid=PAQ0xDSwLIAuVleHRuA2FlbQEwAGFkaWQBqyOFw9TgCgGnXSGTnlelb6C-Duz7YO18LawRfjzMlN7vKqyxG0jQ2nUj12ifNIprjnLXnHo_aem_rCxhhBOnQ6egAuzsnDTfgA,,,,,,,,,,,
Jobspresso,,Sepal AI (YC S24) - LLMs for enterprises (US remote),,Planet Labs,Planet Labs is a company that operates a constellation of Earth observation satellites.,,,,,,https://get.intch.org/onboarding/professional?utm_source=FB&utm_campaign_id=120230552232060197&utm_campaign=INC_WEB_WW_FB_MB_ALL_pro_value_AAA_vid_2705_mg5&utm_adset=INC_WEB_WW_FB_MB_ALL_pro_value_AAA_vid_2705_mg5+Ad+Set&utm_adset_id=120230552232050197&utm_adname=AAA+ww+3h-2_2&utm_medium=paid&utm_id=120230552232060197&utm_content=120236499665930197&utm_term=120230552232050197&fbclid=PAQ0xDSwMX2qxleHRuA2FlbQEwAGFkaWQBqyp1uI5llQGnj2SActUh5OGAl6Y01QYB47AS9OUysR5Rms6LwVFjVu4sanHiMAEiC4F7Fqk_aem_D73wmumoeqPA5fWuq1WVxA,,,,,,,,,,,
https://www.simplyhired.co.uk/search?q=product+manager&l=Remote&job=0jyYF3caRy2USFMY8jgI480gfxU54X-KV5OgyjEVXSonWJY3SXtyNg,,Remote.co: Curated listings for remote-first companies.,,Rocket Lab,Rocket Lab is a New Zealand-based company that develops and manufactures small launch vehicles.,,,,,,www.roboapply.co,,,,,,,,,,,
www.remotejobs.io,,We Work Remotely: A massive database of remote jobs across various industries.,,Sierra Nevada Corporation,Sierra Nevada Corporation is an American aerospace company that develops and manufactures spacecraft and space systems.,,,,,,,,,,,,,,,,,
https://www.workingnomads.com/jobs,,FlexJobs: Pre-screened remote and flexible work opportunities.,,Virgin Galactic,Virgin Galactic is a spaceflight company that is developing commercial suborbital spaceflights.,,,,,,,,,,,,,,,,,
SkipTheDrive,,"Indeed: Filter for ""remote"" jobs and specify your desired USD compensation range.",,Apeel Sciences,Apeel Sciences is a company that develops and applies plant-based coatings to extend the shelf life of fruits and vegetables.,,,,,,,,,,,,,,,,,
https://ats.uplers.com/talent/all-opportunities?s=product+manager,,Upwork: Connect with clients for freelance gigs and build your remote work portfolio.,,Carbon Engineering,Carbon Engineering is a company that develops and deploys technology to capture and remove carbon dioxide from the atmosphere.,,,,,,,,,,,,,,,,,
,,"Toptal: A platform for top-tier freelancers in design, development, and finance.",,Impossible Foods,Impossible Foods is a company that develops and produces plant-based meat substitutes.,,,,,,,,,,,,,,,,,
https://wellfound.com/role/r/product-manager,,Outsourcely: Hire or be hired for remote work in various skill sets.,,Lemonade,"Lemonade is an insurance company that uses artificial intelligence to provide homeowners, renters, and pet insurance.",,,,,,,,,,,,,,,,,
,,Europe Remotely Focuses on remote jobs based in Europe.,,NotCo,"NotCo is a company that develops plant-based foods that taste like meat, dairy, and eggs.",,,,,,,,,,,,,,,,,
"1. Docker, Inc - https://lnkd.in/gfX5-pQG",,Remote OK Europe: Another resource for European remote opportunities.,,Stripe,Stripe is a financial technology company that provides payment processing and risk management services.,,,,,,,,,,,,,,,,,
2. Outsourcely:- https://lnkd.in/gqGhtSaS,,Remote of Asia: Explore remote positions in Asian countries with USD salaries.,,Tesla,Tesla is an electric vehicle and clean energy company that also develops battery storage products.,,,,,,,,,,,,,,,,,
3. Remotebase:- https://remotebase.com/,,Dice: Focuses on remote IT and tech jobs with various USD pay ranges.,,UiPath,UiPath is a software company that develops and provides robotic process automation (RPA) solutions.,,,,,,,,,,,,,,,,,
Do check it out: https://lnkd.in/gg2nGrSc,,"Freelancer.com: A platform for a wide range of freelance work, including remote gigs.",,Zoom Video Communications,"Zoom Video Communications is a video conferencing company that provides cloud-based video conferencing, online meetings, and webinars.",,,,,,,,,,,,,,,,,
4. Gleexa:- https://gleexa.com/,,https://meetfrank.com/latest-remote-jobs-matching-product-manager,,BlockFi,A cryptocurrency exchange that offers lending and trading services.,,,,,,,,,,,,,,,,,
5. Patreoni - https://lnkd.in/gzQptMcQ,,,,Aspiration,A financial technology company that offers a cash management account with a focus on sustainability.,,,,,,,,,,,,,,,,,
6. Beekeeper by LumApps - https://lnkd.in/gxd7rs7Q,,,,Brex,A corporate credit card company that provides cards to startups and small businesses.,,,,,,,,,,,,,,,,,
7. Upwork -https://lnkd.in/gt4HYmd6,,,,Clover Health,A health insurance company that uses technology to improve the healthcare experience.,,,,,,,,,,,,,,,,,
7. Remlance.com:- https://remlance.com/,,,,Digit,A financial technology company that helps people save money automatically.,,,,,,,,,,,,,,,,,
8. Remote Workmate:- https://jobicy.com/,,,,Gusto,A payroll and benefits platform for small businesses.,,,,,,,,,,,,,,,,,
9. Jobshc.com:- https://jobshc.com/,,,,Kabbage,A lending platform for small businesses.,,,,,,,,,,,,,,,,,
10. Intrado - https://lnkd.in/gH3wuNWZ,,,,LendingClub,A peer-to-peer lending platform.,,,,,,,,,,,,,,,,,
"11. Awesome Motive, Inc. - https://lnkd.in/diZZjb4J",,,,Monzo,A digital bank that offers a mobile-first banking experience.,,,,,,,,,,,,,,,,,
12. Funded.club - https://lnkd.in/gpH4FazA,,,,N26,A digital bank that offers a mobile-first banking experience.,,,,,,,,,,,,,,,,,
13. Expert Thinking - https://lnkd.in/dz_4HFUi,,,,Plaid,A financial technology company that provides APIs for financial institutions.,,,,,,,,,,,,,,,,,
14. Buffer - https://lnkd.in/d7ihgxkA,,,,Remitly,A money transfer service that allows people to send money to friends and family overseas.,,,,,,,,,,,,,,,,,
15. Workera- https://lnkd.in/g2YzZu-H,,,,Square,"A payments company that provides point-of-sale systems, e-commerce solutions, and financial services.",,,,,,,,,,,,,,,,,
,,,,Stripe,A payments company that provides online payment processing services.,,,,,,,,,,,,,,,,,
,,,,Venmo,A mobile payments app.,,,,,,,,,,,,,,,,,
,,,,Wise (formerly TransferWise),A money transfer service.,,,,,,,,,,,,,,,,,
,,,,Triodos Bank,A bank that invests in sustainable projects.,,,,,,,,,,,,,,,,,
,,,,Oikocredit,A microfinance organization that provides loans to sustainable businesses.,,,,,,,,,,,,,,,,,
,,,,GreenLending,A peer-to-peer lending platform that connects borrowers with investors who want to support sustainable projects.,,,,,,,,,,,,,,,,,
,,,,EthicalBank,A bank that offers ethical banking products and services.,,,,,,,,,,,,,,,,,
,,,,GLS Bank,A bank that invests in sustainable businesses and projects.,,,,,,,,,,,,,,,,,
,,,,BankTrack,An organization that tracks the environmental and social performance of banks.,,,,,,,,,,,,,,,,,
,,,,The Climate Bonds Initiative,An organization that helps to develop and promote green bonds.,,,,,,,,,,,,,,,,,
,,,,Climate Bonds Standard,A set of standards for green bonds.,,,,,,,,,,,,,,,,,
,,,,D Wave,,,,,,,,,,,,,,,,,,
,,,,ESA,,,,,,,,,,,,,,,,,,
,,,,Apple,,,,,,,,,,,,,,,,,,
,,,,JP Morgan,,,,,,,,,,,,,,,,,,
,,,,American Express,,,,,,,,,,,,,,,,,,
,,,,Google,,,,,,,,,,,,,,,,,,
,,,,Microsoft,,,,,,,,,,,,,,,,,,
,,,,Meta,,,,,,,,,,,,,,,,,,
,,,,Revolut,,,,,,,,,,,,,,,,,,
,,,,Morgan Stanley,,,,,,,,,,,,,,,,,,
,,,,Goldman Sachs,,,,,,,,,,,,,,,,,,
,,,,Netflix,,,,,,,,,,,,,,,,,,
,,,,VC software,,,,,,,,,,,,,,,,,,
,,,,Amazon,,,,,,,,,,,,,,,,,,
,,,,Tesla,,,,,,,,,,,,,,,,,,